{
  "project_info": {
    "project_number": "889078369340",
    "project_id": "uniform-1169"
  },
  "client": [
    {
      "client_info": {
        "mobilesdk_app_id": "1:889078369340:android:bb275c8dd9d04abe",
        "android_client_info": {
          "package_name": "com.songjin.usum"
        }
      },
      "oauth_client": [],
      "api_key": [
        {
          "current_key": "AIzaSyDYaaHbJptoUxqFPF3y9RYf-W1BO8pXTNQ"
        }
      ],
      "services": {
        "analytics_service": {
          "status": 1
        },
        "appinvite_service": {
          "status": 1,
          "other_platform_oauth_client": []
        },
        "ads_service": {
          "status": 1
        }
      }
    }
  ],
  "configuration_version": "1"
}